{
  "cacheBootResources": true,
  "config": [ ],
  "debugBuild": false,
  "entryAssembly": "ShepherdPOS.Web",
  "icuDataMode": 0,
  "linkerEnabled": true,
  "resources": {
    "assembly": {
      "Blazored.Modal.dll": "sha256-Sr30UiM7JErBe8hojY6HAgaOOgfQE5zHijI0uVypmkM=",
      "Microsoft.AspNetCore.Authorization.dll": "sha256-smzQd5uGIPxZ1+w84oIHDOlTyPPyn6PezgTfpxrE4HY=",
      "Microsoft.AspNetCore.Components.Authorization.dll": "sha256-dSOIWHGdaXwAs+qOYA0mqYj\/ZLmcQc6ZAY+vYnkoqUk=",
      "Microsoft.AspNetCore.Components.dll": "sha256-MjHzi6DOB+nwRIYyaUUhU0vXqR0tsKHRILhjQ5HWKLo=",
      "Microsoft.AspNetCore.Components.Forms.dll": "sha256-TDz01VbB+WVPqu7aEKzdIQXB7Ohznz\/YhX9Jnu5Yjco=",
      "Microsoft.AspNetCore.Components.Web.dll": "sha256-qryryofWu6EkVHMpGphSGJ34l+Zn\/nftbpIvoT4ZgeU=",
      "Microsoft.AspNetCore.Components.WebAssembly.Authentication.dll": "sha256-WdqPdX5WvEpNxYwmuYxw72UNiSWh7dsTjpQ1KCilFxM=",
      "Microsoft.AspNetCore.Components.WebAssembly.dll": "sha256-hu6p0GQdAFKgZ46PDEueogvP+mcp7ayF6BJLMn1tzZg=",
      "Microsoft.Extensions.Configuration.Abstractions.dll": "sha256-X\/f4fDl2cuIRXeWHhK\/f2UqQbFioD+RU4a4CEh0zrrQ=",
      "Microsoft.Extensions.Configuration.dll": "sha256-DBOKSPriP2JDxVbbWrLXyD3K4\/x3RBifNBWk\/q1I39M=",
      "Microsoft.Extensions.Configuration.Json.dll": "sha256-nTqLKuydttqLtE3VT3p6XhPmLxuaJDd0cL3Qzt8D4Ro=",
      "Microsoft.Extensions.DependencyInjection.Abstractions.dll": "sha256-J11n0Bqv+0zKZ2MGinBVMv1fW95wws8FMlausSYYa+o=",
      "Microsoft.Extensions.DependencyInjection.dll": "sha256-qi0kE7rp0kdsNqdL6DyPZEeimjUGvcLT4iWQX0YnRus=",
      "Microsoft.Extensions.Http.dll": "sha256-ryL1DxmkHCk\/y4Ta4djI0L2Xp\/3iABw7XbySdJOB5Y0=",
      "Microsoft.Extensions.Logging.Abstractions.dll": "sha256-yDSuRg6M93q0qnViCzmuDj1poRI\/J4\/omdu8iK88Ij0=",
      "Microsoft.Extensions.Logging.dll": "sha256-9ADq8ceLn0mI8UX3SIGa2p\/MsBQgrR92RcdfytcasaY=",
      "Microsoft.Extensions.Options.dll": "sha256-\/k6bIQN4hANE6WTsv2jduS4V61TThEJzWF6MEY8DJag=",
      "Microsoft.Extensions.Primitives.dll": "sha256-eXvGx2jcjpTPEJoAHBsW\/VuMPbNyyU+AsuhPmkzSSRY=",
      "Microsoft.JSInterop.dll": "sha256-1I0MqGetgRU7+zAK2LVCl8jphZTv2ISfZIZXsFz+vQ4=",
      "Microsoft.JSInterop.WebAssembly.dll": "sha256-ClhDy3j6C2coeaYSd71VzhinK6w5QGa2ViwhRhQ6L40=",
      "MudBlazor.dll": "sha256-V3nsPh9DWlghsyXqFk2gK7+IjPnUoqsvDjVZLeA4LC4=",
      "ShepherdPOS.Model.dll": "sha256-S5nV\/s3PuVa\/e5Z0MjaKYCooeculJh0OtYoA9iHFHUE=",
      "ShepherdPOS.Web.dll": "sha256-q9wRAEEBqyu0UExHcugZb26GeT1mqovkYjBKqJJ1330=",
      "System.Collections.Concurrent.dll": "sha256-GtNcLozGZEQGOb+eMQ+20ZOlRiruSvTZIQun87yWRow=",
      "System.Collections.dll": "sha256-LXCni8Kvatjn\/wme0WQapF2u+vgtY\/3N\/mjmVL2z1iI=",
      "System.Collections.NonGeneric.dll": "sha256-WGFqE9WRer09HCJIT8WeXEiVmdoCmrJ+DtMXpUkW9xw=",
      "System.Collections.Specialized.dll": "sha256-PoNahjPCljzvEzu+mMq5Isi+iaLT+Narn2MuryrFJdU=",
      "System.ComponentModel.Annotations.dll": "sha256-YEmqig2RfbrUyoiBzguS8PRtHVcDpbvUEvXbtWB+7ms=",
      "System.ComponentModel.dll": "sha256-SQWBEnKAV\/J2jOPx2Nq2GToL26u1xo5eYazE0h0rqv0=",
      "System.ComponentModel.Primitives.dll": "sha256-IDRtmXrfy8DF3DyK+vNVxEoguFERNZhL4b5b6drL\/uA=",
      "System.ComponentModel.TypeConverter.dll": "sha256-HNiLdj4dJqiOCEIdKZC92\/RK8BYGCkytQus\/xbiMhmc=",
      "System.Console.dll": "sha256-paJFKpJyajaXrEzkiDpbPTtSKF2AzeFSnUxwXofJdr8=",
      "System.dll": "sha256-vjZqvG\/RsRoxqfMsGr8fUYGm1eNLleWvkorGBcJV5k8=",
      "System.Linq.dll": "sha256-PkrMde\/\/1jnvUB67JlJRVTqyZyXaNc7pjnjD8YNFW6w=",
      "System.Linq.Expressions.dll": "sha256-gYo20ki\/5E+T8O8Hmc6X9P0V+gIeoyP0CM0Rm3NDSC0=",
      "System.Memory.dll": "sha256-b26fohRveXStPqJCJLDdbd9E3BSWE+vpXJsdT8UjC6U=",
      "System.Net.Http.dll": "sha256-DmEiRRjvQTUrW4j9NvlcFgqqftK4kamcfJ8eoB2X1gY=",
      "System.Net.Http.Json.dll": "sha256-cxmjdgzfT3n\/w6rcxXRRm\/dMRlVZkokd3BRvlpQuCbM=",
      "System.Net.Primitives.dll": "sha256-a68XgV2i81H9gMoKNXbzavP5yANqi01bC3BSaHvuPEU=",
      "System.ObjectModel.dll": "sha256-YkwFcQLQ\/ZQVFeoX7ZEYHalIp6664AL7XnpzEEp\/ztA=",
      "System.Private.CoreLib.dll": "sha256-+5lQwme1kaI6r2Czep4UELB0ierzROaeLDfozBsAOGY=",
      "System.Private.Uri.dll": "sha256-a7I9Liep9i1UuYwFFLEgDhX\/kiF1Wgfc+0CQhnaK3Do=",
      "System.Runtime.dll": "sha256-7HfWTfMAd8QFDq4y5mRzDaeKuxYrDbNlBfQh3khdE7s=",
      "System.Runtime.InteropServices.JavaScript.dll": "sha256-lZNDJmCZjUCPBkc8yiASvRb9kYy34iHR8ptuOTmGMP0=",
      "System.Security.Claims.dll": "sha256-pT6KR6LUh9TXQTBF\/aXd2claG4+WJRh\/omG45LJbAHg=",
      "System.Text.Encodings.Web.dll": "sha256-7lN0bLZ2wqjP7HBE0pmfRmbaM5+hmCOr0GjEwtOXu50=",
      "System.Text.Json.dll": "sha256-yWQ0b5Sj0O0LRRB55fpbuWbFYG5W15op8IMVNBNaNrE=",
      "System.Text.RegularExpressions.dll": "sha256-KclIrmOToz9zXOJvdY60nsYZmJ3baMkZQqcKzG4ekmQ=",
      "System.Threading.dll": "sha256-YXkQ0icX9P9W\/QFe\/KRZ0\/7Vjd62P8f129kJHnrPyMo="
    },
    "extensions": null,
    "lazyAssembly": null,
    "libraryInitializers": null,
    "pdb": null,
    "runtime": {
      "dotnet.7.0.4.gapow0ognn.js": "sha256-iW6K09pCm8LQUrk4ZUP9I+FZk4wbEUNVFDSGUKEAHkw=",
      "dotnet.timezones.blat": "sha256-UEt3EzX1Ts6UAzZ8vHZJ3Nb0gAVPqeNmtxuFnUvzxVI=",
      "dotnet.wasm": "sha256-W6q+uIWkpB74\/eoz0PlwvOi\/BxkbDxs\/he8Pd2FcsxU=",
      "icudt_CJK.dat": "sha256-SZLtQnRc0JkwqHab0VUVP7T3uBPSeYzxzDnpxPpUnHk=",
      "icudt_EFIGS.dat": "sha256-8fItetYY8kQ0ww6oxwTLiT3oXlBwHKumbeP2pRF4yTc=",
      "icudt_no_CJK.dat": "sha256-L7sV7NEYP37\/Qr2FPCePo5cJqRgTXRwGHuwF5Q+0Nfs=",
      "icudt.dat": "sha256-tO5O5YzMTVSaKBboxAqezOQL9ewmupzV2JrB5Rkc8a4="
    },
    "runtimeAssets": {
      "dotnet.wasm": {
        "behavior": "dotnetwasm",
        "hash": "sha256-W6q+uIWkpB74\/eoz0PlwvOi\/BxkbDxs\/he8Pd2FcsxU="
      }
    },
    "satelliteResources": null
  }
}